{"graph": {"_type": "graph-file", "path": "media/graph/graph_summary_88a96b8f.graph.json", "sha256": "88a96b8f23add13721f99e585373a42bdd20aae50d6d4a6cbcfc2ecaef01404b", "size": 5235}, "_runtime": 10821.770385980606, "accuracy": 0.9793999791145325, "val_accuracy": 0.9602000117301941, "epoch": 9, "loss": 0.0642286245405674, "_step": 9, "val_loss": 0.1528101104259491, "_timestamp": 1581544446.713393, "best_val_loss": 0.1528101104259491, "best_epoch": 9}
