{"graph": {"_type": "graph-file", "path": "media/graph/graph_summary_88a96b8f.graph.json", "sha256": "88a96b8f23add13721f99e585373a42bdd20aae50d6d4a6cbcfc2ecaef01404b", "size": 5235}, "accuracy": 0.9783166646957397, "val_loss": 0.4572108938755016, "_timestamp": 1581524006.390173, "_step": 9, "epoch": 9, "_runtime": 1776.5700509548187, "loss": 0.14071127675513817, "val_accuracy": 0.9459999799728394, "best_val_loss": 0.27305711469218186, "best_epoch": 5}
