{"graph": {"_type": "graph-file", "path": "media/graph/graph_summary_8f4a8a39.graph.json", "sha256": "8f4a8a3948499ed0dd4300d90641ad23218582dbaaa12982408d75a864de0361", "size": 1562}, "val_accuracy": 0.965399980545044, "_step": 21, "epoch": 21, "accuracy": 0.9965999722480774, "loss": 0.009751688182392778, "val_loss": 0.1985983780629933, "_runtime": 1331.426692724228, "_timestamp": 1581485650.3050728, "best_val_loss": 0.17541974893808365, "best_epoch": 11}
