{"graph": {"_type": "graph-file", "path": "media/graph/graph_summary_8f4a8a39.graph.json", "sha256": "8f4a8a3948499ed0dd4300d90641ad23218582dbaaa12982408d75a864de0361", "size": 1562}, "_runtime": 49.609391927719116, "val_accuracy": 0.8981000185012817, "loss": 0.40191326650778453, "epoch": 0, "accuracy": 0.8764833211898804, "val_loss": 0.33234926347732546, "_step": 0, "_timestamp": 1581483740.039016, "best_val_loss": 0.33234926347732546, "best_epoch": 0}
