{"graph": {"_type": "graph-file", "path": "media/graph/graph_summary_88a96b8f.graph.json", "sha256": "88a96b8f23add13721f99e585373a42bdd20aae50d6d4a6cbcfc2ecaef01404b", "size": 5235}, "loss": 0.07550277213826775, "_timestamp": 1581490798.9157681, "accuracy": 0.9800999760627747, "val_accuracy": 0.96670001745224, "_runtime": 1507.5792560577393, "_step": 9, "epoch": 9, "val_loss": 0.1757620691716671, "best_val_loss": 0.17033101538419723, "best_epoch": 6}
