{"graph": {"_type": "graph-file", "path": "media/graph/graph_summary_8f4a8a39.graph.json", "sha256": "8f4a8a3948499ed0dd4300d90641ad23218582dbaaa12982408d75a864de0361", "size": 1562}, "_runtime": 7616.273243188858, "val_accuracy": 0.964900016784668, "loss": 0.004171699340184733, "epoch": 99, "val_loss": 0.5604084499056685, "_timestamp": 1581377880.7527192, "_step": 99, "accuracy": 0.9989333152770996, "best_val_loss": 0.19778963744621725, "best_epoch": 2}
