{"graph": {"_type": "graph-file", "path": "media/graph/graph_summary_88a96b8f.graph.json", "sha256": "88a96b8f23add13721f99e585373a42bdd20aae50d6d4a6cbcfc2ecaef01404b", "size": 5235}, "_step": 9, "val_accuracy": 0.964900016784668, "val_loss": 0.17265278913974763, "_timestamp": 1581488242.487923, "epoch": 9, "accuracy": 0.9807000160217285, "loss": 0.07242267888312538, "_runtime": 1478.678748846054, "best_val_loss": 0.17085006552934648, "best_epoch": 7}
